Period,Accel
0.000000,0.124800
0.005000,0.137305
0.010000,0.149810
0.020000,0.174820
0.030000,0.199830
0.040000,0.224840
0.050000,0.249849
0.060000,0.274859
0.070000,0.299869
0.074900,0.312000
0.080000,0.312000
0.090000,0.312000
0.100000,0.312000
0.120000,0.312000
0.140000,0.312000
0.160000,0.312000
0.180000,0.312000
0.200000,0.312000
0.220000,0.312000
0.240000,0.312000
0.260000,0.312000
0.280000,0.312000
0.300000,0.312000
0.320000,0.312000
0.340000,0.312000
0.360000,0.312000
0.374300,0.311960
0.400000,0.291917
0.450000,0.259481
0.500000,0.233533
0.550000,0.212303
0.600000,0.194611
0.650000,0.179641
0.700000,0.166810
0.750000,0.155689
0.800000,0.145958
0.850000,0.137373
0.900000,0.129741
0.950000,0.122912
1.000000,0.116767
1.100000,0.106152
1.200000,0.097306
1.300000,0.089821
1.400000,0.083405
1.500000,0.077844
1.600000,0.072979
1.700000,0.068686
1.800000,0.064870
1.900000,0.061456
2.000000,0.058383
2.200000,0.053076
2.400000,0.048653
2.600000,0.044910
2.800000,0.041702
3.000000,0.038922
3.500000,0.033362
4.000000,0.029192
4.500000,0.025948
5.000000,0.023353
