x_m,M_DC_no_compuesta_interior_kNm,M_DC_compuesta_interior_kNm,M_DW_interior_kNm,M_PL_interior_kNm,M_LL_IM_interior_kNm,M_fatiga_rango_interior_kNm,M_resistencia_interior_kNm,M_servicio_ii_interior_kNm,V_DC_no_compuesta_interior_kN,V_DC_compuesta_interior_kN,V_DW_interior_kN,V_PL_interior_kN,Vmax_LL_IM_interior_kN,Vmin_LL_IM_interior_kN,Vmax_resistencia_interior_kN,Vmin_resistencia_interior_kN,Vabs_resistencia_interior_kN,Vmax_servicio_ii_interior_kN,Vmin_servicio_ii_interior_kN,Vabs_servicio_ii_interior_kN,V_resistencia_interior_kN,def_LL_interior_mm,M_DC_no_compuesta_exterior_kNm,M_DC_compuesta_exterior_kNm,M_DW_exterior_kNm,M_PL_exterior_kNm,M_LL_IM_exterior_kNm,M_fatiga_rango_exterior_kNm,M_resistencia_exterior_kNm,M_servicio_ii_exterior_kNm,V_DC_no_compuesta_exterior_kN,V_DC_compuesta_exterior_kN,V_DW_exterior_kN,V_PL_exterior_kN,Vmax_LL_IM_exterior_kN,Vmin_LL_IM_exterior_kN,Vmax_resistencia_exterior_kN,Vmin_resistencia_exterior_kN,Vabs_resistencia_exterior_kN,Vmax_servicio_ii_exterior_kN,Vmin_servicio_ii_exterior_kN,Vabs_servicio_ii_exterior_kN,V_resistencia_exterior_kN,def_LL_exterior_mm
0.0,0.0,0.0,0.0,0.0,0.0,0.0,0.0,0.0,150.68356400000005,253.5,84.5,0.0,410.90682231767767,0.0,1351.066394055936,631.979455,1351.066394055936,1022.862433012981,488.683564,1022.862433012981,1351.066394055936,0.0,0.0,0.0,0.0,0.0,0.0,0.0,0.0,0.0,143.183564,447.00000000000006,42.25,90.75,283.8650068798347,0.0,1456.6807170397108,959.916955,1456.6807170397108,1092.2080729437853,723.183564,1092.2080729437853,1456.6807170397108,0.0
0.5,74.65182450000002,125.4825,41.8275,0.0,134.4290289274142,63.706843253209286,548.1599562479748,416.7195621056385,147.92373400000005,248.43,82.81,0.0,405.1535445504408,-1.2547375346765974,1328.6758704632716,617.461376814316,1328.6758704632716,1005.8633419155731,477.5325752049205,1005.8633419155731,1328.6758704632716,-1.5575301765158238,70.93932449999998,221.26500000000004,20.91375,44.92125,154.29726598646403,70.16660847732953,745.258433601312,558.6257702824032,140.573734,438.06000000000006,41.405,88.935,279.89049454692514,-0.8668049775965866,1430.844282957119,939.519008789206,1430.844282957119,1072.8313769110027,707.8468875291245,1072.8313769110027,1430.844282957119,-1.7877288101037314
1.0,147.92373400000002,248.43,82.81,0.0,266.033163759333,126.04380549629282,1085.2152040788326,825.0068468871328,145.16390400000003,243.36,81.12,0.0,399.4301606196904,-2.539368905839662,1306.3376610844582,602.8909844147807,1306.3376610844582,988.9031128055976,466.3427244224085,988.9031128055976,1306.3376610844582,-3.113198975395402,140.57373399999997,438.06000000000006,41.405,88.935,305.352126377098,138.824432347078,1475.4021386599213,1105.9314982902274,137.96390399999999,429.12000000000006,40.56,87.12,275.9366336455299,-1.754261386707579,1405.0439888796773,919.0849225732619,1405.0439888796773,1053.481527739189,692.4833641972803,1053.481527739189,1405.0439888796773,-3.5733211361271073
1.5,219.81572850000006,368.8425,122.9475,0.0,394.8124044957563,187.01088672925061,1611.1657434925737,1224.8618543444834,142.40407400000007,238.29,79.43,0.0,393.7366705254265,-3.8538941134891935,1284.0517659194963,588.268277801394,1284.0517659194963,971.9817456830544,455.11401165246406,971.9817456830544,1284.0517659194963,-4.665164955423166,208.90322849999998,650.3850000000001,61.47375,132.04125,453.16458117190183,205.9734716092454,2190.4311151758284,1641.9171840234726,135.354074,420.18000000000006,39.715,85.305,272.0034241756492,-2.6623692273329764,1379.2798348073861,898.6146963521672,1379.2798348073861,1034.158525428344,677.0929940044672,1034.158525428344,1379.2798348073861,-5.354663376958047
2.0,290.32780800000006,486.72,162.24,0.0,520.7667511366842,246.60808695208266,2126.0115744891973,1616.2845844776896,139.64424400000004,233.22,77.74,0.0,388.073074267649,-5.506123241705199,1261.8181849683858,573.054589327016,1261.8181849683858,955.0992405479439,443.4462837857833,955.0992405479439,1261.8181849683858,-6.211606611804227,275.9278079999999,858.2400000000001,81.12,174.24,597.7346303708756,271.6137262638317,2890.3453631490324,2166.5828274821383,132.74424399999998,411.24000000000007,38.87,83.49,268.09086613728283,-3.803771626550144,1353.551820740245,877.7362046535372,1353.551820740245,1014.8623699784677,661.3993408854848,1014.8623699784677,1353.551820740245,-7.129664814452744
2.5,359.4599725000001,602.0625,200.6875,0.0,643.8962036821167,304.83540616478894,2629.7526970687045,1999.2750372867517,136.88441400000005,228.15,76.05,0.0,382.4393718463581,-7.52170713082768,1239.6369182311266,557.2050300210517,1239.6369182311266,938.2555974002655,431.3061947299241,938.2555974002655,1239.6369182311266,-7.7507223761643695,341.64747249999994,1061.6250000000002,100.34375,215.53125,739.0622739740194,335.745196310837,3575.1448825795346,2679.9284286662255,130.134414,402.30000000000007,38.025,81.675,264.1989595304309,-5.196188844948862,1327.8599466782543,856.4184370213395,1327.8599466782543,995.5930613895604,645.3793685015665,995.5930613895604,1327.8599466782543,-8.896257613435667
3.0,427.2122220000001,714.87,238.29,0.0,764.2007621320537,361.69284436736956,3122.3891112310944,2373.83321277167,134.12458400000003,223.08,74.36,0.0,376.83556326155355,-9.567184856436628,1217.5079657077185,541.3031565012359,1217.5079657077185,921.4508162400197,419.1272436866324,921.4508162400197,1217.5079657077185,-9.28073061655006,406.06222199999996,1260.5400000000002,119.145,255.915,877.147511981333,398.36788175026123,4244.829673467333,3181.953987575733,127.52458399999999,393.36000000000007,37.18,79.86,260.3277043550933,-6.6092574948619855,1302.2042126214133,835.0645293839915,1302.2042126214133,976.3505996616213,629.3325492566795,976.3505996616213,1302.2042126214133,-10.652396821699556
3.5,493.58455650000013,825.1425,275.0475,0.0,881.6804264864953,417.18040155982436,3603.920816976367,2739.959110932444,131.36475400000003,218.01,72.67,0.0,371.26164851323546,-11.642556418532045,1195.431327398162,525.3489687675691,1195.431327398162,904.6848970672062,406.9094306559084,904.6848970672062,1195.431327398162,-10.79986963742844,469.17205649999994,1454.9850000000001,137.52375,295.39125,1011.9903443928166,459.48178258210436,4899.39973581243,3672.659504210662,124.91475399999999,384.4200000000001,36.335,78.045,256.4771006112702,-8.042977576289516,1276.5846185697228,813.6744817414934,1276.5846185697228,957.1349847946514,613.2588831508236,957.1349847946514,1276.5846185697228,-12.39606037000543
4.0,558.5769760000002,932.88,310.96,0.0,996.3351967454415,471.29807774215345,4074.3478143045227,3097.652731769074,128.60492400000004,212.94,70.98,0.0,365.7176276014039,-13.747821817113925,1173.4070033024568,509.3424668200507,1173.4070033024568,887.9578398818251,394.65275563775197,887.9578398818251,1173.4070033024568,-12.30639767968733,530.9769759999999,1644.9600000000003,155.48,333.96,1143.5907712084702,519.0868988063664,5538.855069614822,4152.044978571012,122.30492399999999,375.4800000000001,35.49,76.23,252.64714829896147,-9.49734908923145,1251.0011645231825,792.248294093845,1251.0011645231825,937.9462167886501,597.1583701839992,937.9462167886501,1251.0011645231825,-14.125249072082575
4.5,622.1894805000003,1038.0825,346.0275,0.0,1108.1650729088922,524.0458729143568,4533.670103215561,3446.91407528156,125.84509400000005,207.87,69.29,0.0,360.20350052605875,-15.882981052182275,1151.4349934206027,493.28365065868104,1151.4349934206027,871.2696446838763,382.3572186321631,871.2696446838763,1151.4349934206027,-13.798592920635224,591.4769804999999,1830.4650000000001,173.01375,371.62125,1271.9487924282935,577.1832304230475,6163.195674874513,4620.110410656782,119.69509399999998,366.5400000000001,34.645,74.415,248.83784741816717,-10.97237203368779,1225.4538504817926,770.7859664410464,1225.4538504817926,918.7842956436174,581.0310103562059,918.7842956436174,1225.4538504817926,-15.837986624628563
5.0,684.4220700000002,1140.75,380.25,0.0,1217.1700549768477,575.4237870764343,4981.887683709484,3787.743141469902,123.08526400000004,202.8,67.6,0.0,354.71926728720007,-18.04803412373709,1129.5152977526002,477.1725202834601,1129.5152977526002,854.6203114733602,370.0228196391418,854.6203114733602,1129.5152977526002,-15.2747534740013,650.6720699999998,2011.5000000000005,190.125,408.375,1397.0644080522868,633.7707774321474,6772.421551591503,5076.8558004679735,117.085264,357.6000000000001,33.8,72.6,245.04919796888723,-12.468046409658537,1199.9426764455527,749.2874987830976,1199.9426764455527,899.6492213595535,564.876803667444,899.6492213595535,1199.9426764455527,-17.53231960730923
5.5,745.2747445000002,1240.8825,413.6275,0.0,1323.3501429493074,625.4318202283862,5419.00055578629,4120.1399303340995,120.32543400000004,197.73,65.91,0.0,349.2649278848279,-20.24298103177837,1107.6479162984488,461.00907569438783,1107.6479162984488,838.0098402502763,357.6495586586881,838.0098402502763,1107.6479162984488,-16.73319738993541,708.5622445,2188.0650000000005,206.81375,444.22125,1518.9376180804502,688.8495398336663,7366.532699765789,5522.281148004587,114.47543399999999,348.6600000000001,32.955,70.785,241.28119995112172,-13.98437221714369,1174.4676424144632,727.7528911199986,1174.4676424144632,880.5409939364583,548.6957501177134,880.5409939364583,1174.4676424144632,-19.20631748275869
6.0,804.7475040000003,1338.48,446.16,0.0,1426.705336826272,674.0699723702123,5845.008719445977,4444.104441874153,117.56560400000004,192.66,64.22,0.0,343.8404823189421,-22.467821776306124,1085.832849058149,444.79331689146437,1085.832849058149,821.438231014625,345.23743569080204,821.438231014625,1085.832849058149,-18.172262655008083,765.147504,2360.1600000000003,223.08,479.16,1637.5684225127836,742.4195176276041,7945.529119397372,5956.386453266618,111.86560399999999,339.7200000000001,32.11,68.97,237.53385336487062,-15.521349456143248,1149.0287483885238,706.1821434517494,1149.0287483885238,861.4596133743319,532.4878497070138,861.4596133743319,1149.0287483885238,-20.85807259657933
6.5,862.8403485000002,1433.5425,477.8475,0.0,1527.2356366077408,721.3382435019128,6259.912174688548,4759.636676090063,114.80577400000003,187.59,62.53,0.0,338.4459305895429,-24.72255635732034,1064.0700960317004,428.52524387468947,1064.0700960317004,804.9054837664058,332.7864507354836,804.9054837664058,1064.0700960317004,-19.590307192210524,820.4278485,2527.7850000000003,238.92375,513.19125,1752.9568213492867,794.4807108139609,8509.410810486252,6379.1717162540735,109.255774,330.7800000000001,31.265,67.155,233.8071582101339,-17.078978126657212,1123.6259943677346,684.5752557783501,1123.6259943677346,842.4050796731742,516.2531024353457,842.4050796731742,1123.6259943677346,-22.485700177341815
7.0,919.5532780000002,1526.07,508.69,0.0,1624.9410422937144,767.2366336234874,6663.710921514,5066.736632981829,112.04594400000003,182.52,60.84,0.0,333.08127269663015,-27.007184774821024,1042.359657219103,412.2048566440633,1042.359657219103,788.4115985056192,320.2966037927327,788.4115985056192,1042.359657219103,-20.98570886095462,874.403278,2690.9400000000005,254.345,546.315,1865.1028145899597,845.0331193927366,9058.17777303243,6790.636936966947,106.64594399999999,321.84000000000003,30.42,65.34,230.10111448691165,-18.657258228685585,1098.2593803520954,662.9322280998003,1098.2593803520954,823.3773928329852,499.9915083027087,823.3773928329852,1098.2593803520954,-24.087338336585084
7.5,974.8862925000002,1616.0625,538.6875,0.0,1719.8215538841928,811.7651427349363,7056.404959922336,5365.40431254945,109.28611400000003,177.45,59.15,0.0,327.74650864020384,-29.894575796401522,1020.7015326203568,394.8296348562974,1020.7015326203568,771.9565752322651,307.0231654646781,771.9565752322651,1020.7015326203568,-22.356865457072935,927.0737924999997,2849.625,269.34375,578.53125,1974.0064022348026,894.0767433639312,9591.830007035904,7190.782115405243,104.036114,312.9,29.575,63.525,226.41572219520376,-20.65194224873345,1072.9289063416068,640.5604935647166,1072.9289063416068,804.376552853765,483.1885890766465,804.376552853765,1072.9289063416068,-25.661148068816345
8.0,1028.839392,1703.52,567.84,0.0,1811.8771713791755,854.9237708362593,7437.994289913557,5655.639714792928,106.44543400000003,172.38,57.46,0.0,322.4416384202639,-32.83751149480849,998.9946597354619,377.2561473840851,998.9946597354619,755.4595639463431,293.59666905674896,755.4595639463431,998.9946597354619,-23.702194712818706,978.4393919999998,3003.84,283.92,609.84,2079.667584283816,941.6115827275448,10110.367512496678,7579.60725156896,101.345434,303.96,28.73,61.71,222.75098133501024,-22.684997960885507,1047.533509836268,618.0205460684504,1047.533509836268,785.3217097355133,466.25493665084883,785.3217097355133,1047.533509836268,-27.205313251511082
8.5,1081.3317265000005,1788.4425,596.1475,0.0,1901.1078947786627,896.7125179274567,7808.3778489876595,5937.361989712263,103.52390400000004,167.31,55.77,0.0,317.1666620368105,-35.81034102970192,977.2390385644185,359.5292831980217,977.2390385644185,738.9205646478538,280.05046066138755,738.9205646478538,977.2390385644185,-25.02327073953622,1028.4192265,3153.585,298.07375,640.24125,2182.0863607369984,987.6376374835774,10613.689226914747,7957.031495458098,98.573904,295.02,27.885,59.895,219.10689190633116,-24.738705104551965,1022.0731908360796,595.3433960670341,1022.0731908360796,766.2128634782306,449.2135873640824,766.2128634782306,1022.0731908360796,-28.721640645297715
9.0,1132.3632960000004,1870.83,623.61,0.0,1987.5137240826546,937.184071739687,8167.5556371446455,6210.571137307451,100.60237400000004,162.24,54.08,0.0,311.9215794898436,-39.052472244255156,955.5357316072265,341.3311410725536,955.5357316072265,722.4204273367969,266.15416008246837,722.4204273367969,955.5357316072265,-26.31872776485317,1077.0132959999999,3298.86,311.805,669.735,2281.2627315943514,1032.2129378092434,11101.795150290116,8323.054847072657,95.802374,286.08,27.04,58.08,215.48345390916649,-26.978452778570784,996.6490118410413,572.3406751375012,996.6490118410413,747.1308640819163,431.930385387858,747.1308640819163,996.6490118410413,-30.208562620441132
9.5,1181.9341005000006,1950.6825,650.2275,0.0,2071.094659291151,976.5755270631644,8515.527654384514,6475.267157578497,97.68084400000004,157.17,52.39,0.0,306.70639077936323,-42.3843492560882,933.8847388638858,322.9759438018457,933.8847388638858,705.9591520131721,252.14118996708538,705.9591520131721,933.8847388638858,-27.587217669860983,1124.2216004999998,3439.665,325.11375,698.32125,2377.196696855874,1075.5986195020091,11574.68528262278,8677.677306412636,93.030844,277.14,26.195,56.265,211.88066734351628,-29.280199158813495,971.2609728511535,549.2294564720763,971.2609728511535,728.0757115465713,414.56658509354247,728.0757115465713,971.2609728511535,-31.664531809802885
10.0,1230.0441400000004,2028.0,676.0,0.0,2151.850700404152,1014.597101376516,8852.293900707265,6731.450050525398,94.75931400000005,152.1,50.7,0.0,301.52109590536924,-45.7461201044077,912.2860603343963,304.56843231728664,912.2860603343963,689.5367386769801,238.08935786427,689.5367386769801,912.2860603343963,-28.827409989114866,1170.0441399999997,3576.000000000001,338.0,726.0,2469.8882565215667,1117.4755165871936,12032.359623912742,9020.89887347804,90.259314,268.2,25.35,54.45,208.29853220938043,-31.60259697057061,945.9090738664157,526.0820978015015,945.9090738664157,709.0474058721945,397.17593793825824,709.0474058721945,945.9090738664157,-33.08802110884121
10.5,1276.6934145000005,2102.7825,700.9275,0.0,2229.7818474216574,1051.2487946797419,9177.8543761129,6979.119816148155,91.83778400000004,147.03,49.01,0.0,296.36569486786175,-49.137784789213676,890.7396960187581,286.1086066188761,890.7396960187581,673.1531873282204,223.99866377402225,673.1531873282204,890.7396960187581,-30.03799191063379,1214.4809145,3707.865000000001,350.46375,752.77125,2559.337410591429,1157.8436290647971,12474.818174160002,9352.71954826886,87.487784,259.26000000000005,24.505,52.635,204.73704850675895,-33.94564621384213,920.5933148868282,502.8985991257763,920.5933148868282,690.0459470587866,379.75844392200526,690.0459470587866,920.5933148868282,-34.47752367561097
11.0,1321.8819240000005,2175.03,725.01,0.0,2304.8881003436677,1086.530606972842,9492.20908060142,7218.276454446768,88.91625400000004,141.96,47.32,0.0,291.24018766684065,-52.55934331050612,869.2456459169713,267.59646670661436,869.2456459169713,656.808497966893,209.8691076963421,656.808497966893,869.2456459169713,-31.217668275900454,1257.531924,3835.260000000001,362.505,778.635,2645.5441590654623,1196.7029569348197,12902.060933364559,9673.139330785103,84.716254,250.32000000000002,23.66,50.82,201.1962162356519,-36.30934688862806,895.3136959123908,479.6789604449009,895.3136959123908,671.0713351063474,362.3141030447835,671.0713351063474,895.3136959123908,-35.831552930763735
11.5,1365.6096685000005,2244.7425,748.2475,0.0,2377.2938012555287,1120.4425382558163,9795.575612822176,7449.081610132188,85.99472400000005,136.89,45.63,0.0,286.1445743023061,-56.01079566828503,847.8039100290357,249.03201258050123,847.8039100290357,640.5026705929979,195.7006896312295,640.5026705929979,847.8039100290357,-32.36516157986134,1299.1971685,3958.185000000001,374.12375,803.59125,2728.651221443828,1234.0535001972612,13314.3376606517,9982.343756376978,81.94472400000001,241.38000000000002,22.815,49.005,197.67603539605923,-38.69369899492839,870.0702169431037,456.4231817588754,870.0702169431037,652.123570014877,344.8429153065931,652.123570014877,870.0702169431037,-37.14864255754771
12.0,1407.8766480000004,2311.92,770.64,0.0,2447.111988416648,1152.9845885286647,10088.151789729134,7671.682232941643,83.07319400000003,131.82,43.94,0.0,281.078854774258,-59.49214186255039,826.4144883549515,230.41524424053688,826.4144883549515,624.2357052065354,181.4934095786845,624.2357052065354,826.4144883549515,-33.479211970926706,1339.476648,4076.640000000001,385.32,827.64,2808.7883427266775,1269.8952588521213,13711.875409771686,10280.501493544682,79.17319400000001,232.44000000000003,21.97,47.19,194.17650598798102,-41.098702532743125,844.8628779789668,433.13126306769954,844.8628779789668,633.2026517843753,327.34488070743396,633.2026517843753,844.8628779789668,-38.42734650180779
12.5,1448.6828625000005,2376.5625,792.1875,0.0,2514.1052814822706,1184.1567577913877,10369.522195718975,7885.7697284269525,80.15166400000004,126.75,42.25,0.0,276.0430290826963,-63.00338189330224,805.0773808947185,211.74616168672114,805.0773808947185,608.0076018075052,167.24726753870712,608.0076018075052,805.0773808947185,-34.55857725097053,1378.3703625,4190.625000000001,396.09375,850.78125,2885.683058413697,1304.2282328994004,14094.19736784897,10567.258338437807,76.40166400000001,223.50000000000003,21.125,45.375,190.69762801141718,-43.52435750207227,819.6916790199801,409.8032043713736,819.6916790199801,614.3085804148424,309.8199992473061,614.3085804148424,819.6916790199801,-39.66623897198549
13.0,1488.0283120000004,2438.67,812.89,0.0,2578.273680452399,1213.959046043985,10639.6868307917,8091.344096588118,77.23013400000004,121.68,40.56,0.0,271.03709722762113,-66.54451576054055,783.792587648337,193.02476491905406,783.792587648337,591.8183603959075,152.9622635112973,591.8183603959075,783.792587648337,-35.60203287533056,1415.878312,4300.140000000001,406.445,873.015,2959.335368504886,1337.0524223390987,14461.303534883553,10842.614291056352,73.63013400000001,214.56000000000003,20.28,43.56,187.23940146636772,-45.970663902915824,794.5566200661435,386.43900566989737,794.5566200661435,595.4413559062781,292.2682709262095,595.4413559062781,794.5566200661435,-40.86391443911905
13.5,1525.9129965000004,2498.2425,832.7475,0.0,2639.617185327031,1242.3914532864565,10898.645694947305,8288.40533742514,74.30860400000003,116.61,38.87,0.0,266.0610592090324,-70.11554346426533,762.5601086158068,174.25105393753574,762.5601086158068,575.6679809717422,138.63839749645513,575.6679809717422,762.5601086158068,-36.608371952808305,1452.0004965,4405.185000000001,416.37375,894.34125,3029.745273000245,1368.367827171216,14813.19391087543,11106.56935140032,70.858604,205.62000000000003,19.435,41.745,183.80182635283273,-48.43762173527378,769.4577011174573,363.038666963271,769.4577011174573,576.6009782586826,274.68969574414416,576.6009782586826,769.4577011174573,-42.01898763684333
14.0,1562.3369160000004,2555.28,851.76,0.0,2698.1357961061676,1269.4539795188018,11146.398788185796,8476.95345093802,71.38707400000004,111.54,37.18,0.0,261.11491502693013,-73.71646500447658,741.3799437971278,155.42502874216603,741.3799437971278,559.5564635350091,124.27566949418048,559.5564635350091,741.3799437971278,-37.57640524566905,1486.736916,4505.760000000001,425.88,914.76,3096.9127718997743,1398.174447395752,15149.868495824607,11359.123519469707,68.087074,196.68000000000004,18.59,39.93,180.3849026708121,-50.92523099914614,744.3949221739213,339.60218825149434,744.3949221739213,557.7874474720558,257.08427370111,557.7874474720558,744.3949221739213,-43.130093561389856
14.5,1597.3000705000004,2609.7825,869.9275,0.0,2753.8295127898095,1295.146624741022,11382.946110507168,8656.988437126753,68.46554400000004,106.47,35.49,0.0,256.19866468131437,-77.34728038117426,720.2520931923002,136.5466893329451,720.2520931923002,543.4838080857087,109.87407950447351,543.4838080857087,720.2520931923002,-38.504961169641824,1520.0875705000003,4601.865000000001,434.96375,934.27125,3160.837865203473,1426.472283012707,15471.32728973108,11600.276795264515,65.315544,187.74000000000004,17.745,38.115,176.9886304203059,-53.433491694532904,719.3682832355354,316.12956953456745,719.3682832355354,539.0007635463977,239.45200479710726,539.0007635463977,719.3682832355354,-44.19588747158685
15.0,1630.8024600000006,2661.75,887.25,0.0,2806.6983353779556,1319.4693889531159,11608.287661911423,8828.510295991342,65.54401400000003,101.4,33.8,0.0,251.31230817218503,-81.00798959435846,699.1765568013237,117.61603570987272,699.1765568013237,527.4500146238406,95.43362752733402,527.4500146238406,699.1765568013237,-39.392885793919405,1552.05246,4693.5,443.625,952.875,3221.5205529113423,1453.261334022081,15777.570292594848,11830.029178784744,62.54401400000001,178.8,16.9,36.3,173.61300960131408,-55.96240382143407,694.3777843022996,292.6208108124904,694.3777843022996,520.2409264817084,221.79288903213572,520.2409264817084,694.3777843022996,-45.21504488885917
15.5,1662.8440845000005,2711.1825,903.7275,0.0,2856.7422638706066,1342.4222721550843,11822.423442398562,8991.519027531787,62.62248400000004,96.33,32.11,0.0,246.45584549954216,-84.69859264402909,678.1533346241988,98.63306787294916,678.1533346241988,511.4550831494049,80.95431356276222,511.4550831494049,678.1533346241988,-40.239042841158344,1582.6315845,4780.665,451.86375,970.57125,3278.9608350233807,1478.541600423874,16068.597504415917,12048.380670030396,59.77248400000001,169.86,16.055,34.485,170.25804021383667,-58.51196737984965,669.4234253742142,269.07591208526304,669.4234253742142,501.50793627798765,204.10692640619544,501.50793627798765,669.4234253742142,-46.18626159722835
16.0,1693.4249440000006,2758.08,919.36,0.0,2903.9612982677613,1364.005274346927,12025.353451968582,9146.014631748089,59.70095400000004,91.26,30.42,0.0,241.6292766633858,-88.4190895301862,657.1824266609251,79.59778582217419,657.1824266609251,495.4990136624016,66.43613761075795,495.4990136624016,657.1824266609251,-41.04231368747895,1611.824944,4863.36,459.68,987.36,3333.15871153959,1502.3130822180856,16344.408925194282,12255.331269001466,57.000954000000014,160.92,15.21,32.67,166.9237222578737,-61.08218236977964,644.5052064512789,245.49487335288566,644.5052064512789,482.8017929352358,186.3941169192865,482.8017929352358,644.5052064512789,-47.10825364331259
16.5,1722.5450385000001,2802.4425,934.1475,0.0,2948.3554385694215,1384.2183955286441,12217.077690621487,9291.997108640247,56.57152400000003,86.19,28.73,0.0,236.83260166371582,-92.16948025282977,636.0039579115027,60.25031455754792,636.0039579115027,479.3739061628306,51.67119967132133,479.3739061628306,636.0039579115027,-41.8015973624653,1639.6325385,4941.585,467.07375,1003.24125,3384.1141824599686,1524.5757794047163,16605.004554929947,12450.880975697959,54.02152400000002,151.98,14.365,30.855,163.61005573342507,-63.67304879122402,619.3632525334939,221.617819615358,619.3632525334939,463.9145964534526,168.4465605714088,463.9145964534526,619.3632525334939,-47.979757336326735
17.0,1749.9964680000007,2844.27,948.09,0.0,2991.6117807972214,1404.3198187203045,12400.288701395139,9431.451783036387,53.23419400000003,81.12,27.04,0.0,232.06582050053237,-95.94976481195981,614.6179283759317,40.59065407907035,614.6179283759317,463.0797606506921,36.65949974445226,463.0797606506921,614.6179283759317,-42.525223143319856,1665.846468,5015.34,474.045,1018.215,3433.7636919117417,1546.715452615652,16853.513295845547,12637.339267485264,50.83419400000002,143.04,13.52,29.04,160.3170406404909,-66.28456664418282,593.9975636208591,197.4447508726801,593.9975636208591,444.8463468326381,150.26425736256235,444.8463468326381,593.9975636208591,-48.81033299750679
17.5,1775.7792325000007,2883.5625,961.1875,0.0,3032.8161280282143,1423.6277646807152,12573.386639674378,9563.19019893668,49.89686400000003,76.05,25.35,0.0,227.3289331738354,-99.75994320757633,593.284213054212,20.878679386741453,593.284213054212,446.824477125986,21.608937830150797,446.824477125986,593.284213054212,-43.21234792145218,1690.4667325,5084.625,480.59375,1032.28125,3481.057927206204,1567.9811913577348,17088.098850735856,12813.342037868066,47.646864000000015,134.1,12.675,27.225,157.0446769790711,-68.91673592865602,568.6680147133744,173.23554212485195,568.6680147133744,425.8049440727924,132.05510729274718,425.8049440727924,568.6680147133744,-49.59901290915459
18.0,1799.8933320000008,2920.32,973.44,0.0,3071.195581163712,1441.5658296310003,12735.018932036497,9686.207587512827,46.55953400000003,70.98,23.66,0.0,222.62193968362493,-103.60001543967931,572.0028119463436,1.1143904805612401,572.0028119463436,430.60805558871243,6.519513928416941,430.60805558871243,572.0028119463436,-43.86214255495746,1713.493332,5149.44,486.72,1045.44,3525.1097569048356,1587.7381454922368,17307.20873958346,12977.736015976288,44.45953400000001,125.16,11.83,25.41,153.79296474916578,-71.56955664464363,543.3746058110402,148.99019337187363,543.3746058110402,406.7903881739156,113.8191103619633,406.7903881739156,543.3746058110402,-50.344845384495
18.5,1822.3387665000007,2954.5425,984.8475,0.0,3106.750140203714,1458.1340135711596,12885.185578481503,9800.50394876483,43.222204000000026,65.91,21.97,0.0,217.94484002990086,-107.46998150826876,550.7737250523265,-18.702212639470293,550.7737250523265,414.4304960388712,-8.60877196074935,414.4304960388712,550.7737250523265,-44.47379186861653,1734.9262665,5209.785,492.42375,1057.69125,3565.919181007638,1605.9863150191577,17510.842962388368,13130.521201809928,41.27220400000001,116.22,10.985,23.595,150.56190395077482,-74.24302879214564,518.117336913856,124.70870461374518,518.117336913856,387.8026791360073,95.55626657021071,387.8026791360073,518.117336913856,-51.04689476767585
19.0,1843.1155360000007,2986.23,995.41,0.0,3139.4798051482217,1473.3323165011932,13023.886579009388,9906.079282692688,39.884874000000025,60.84,20.28,0.0,213.29763421266327,-111.36984141334466,529.5969523721608,-38.571129973353116,529.5969523721608,398.2917984764623,-23.77591983734803,398.2917984764623,529.5969523721608,-45.046494653895884,1754.765536,5265.66,497.705,1069.035,3603.48619951461,1622.7256999384977,17699.001519150566,13271.697595368993,38.08487400000001,107.28,10.14,21.78,147.35149458389824,-76.93715237116206,492.89620802182196,100.39107585046644,492.89620802182196,368.8418169590677,77.26657591748933,368.8418169590677,492.89620802182196,-51.704241433767976
19.5,1862.2236405000006,3015.3825,1005.1275,0.0,3169.3845759972332,1487.1607384211009,13151.12193362016,10002.933589296405,36.54754400000002,55.77,18.59,0.0,208.68032223191216,-115.29959515490705,508.47249390584636,-58.492361521087325,508.47249390584636,382.19196290148585,-38.98192970137915,382.19196290148585,508.47249390584636,-45.57946366894765,1773.0111405,5317.065000000002,502.56375,1079.47125,3637.8108124257515,1637.9563002502562,17871.684409870068,13401.265196653481,34.89754400000001,98.34,9.295,19.965,144.16173664853608,-79.65192738169289,467.7112191349381,76.03730708203744,467.7112191349381,349.9078016430969,58.95003840379923,349.9078016430969,467.7112191349381,-52.315981788765185
20.0,1879.6630800000005,3042.0,1014.0,0.0,3196.464452750749,1499.619279330883,13266.891642313813,10091.066868575974,33.21021400000002,50.7,16.9,0.0,204.0929040876475,-119.2592427329559,487.40034965338316,-78.4659072826728,487.40034965338316,366.1309893139418,-54.226801552842645,366.1309893139418,487.40034965338316,-46.0719256386096,1789.66308,5364.000000000002,507.0,1089.0,3668.8930197410637,1651.6781159544337,18028.891634546864,13519.224005663384,31.710214000000008,89.4,8.45,18.15,140.99263014468832,-82.38735382373811,442.5623702532046,51.64739830845833,442.5623702532046,331.0006331880948,40.60665402914045,331.0006331880948,442.5623702532046,-52.88122826958428
20.5,1895.4338545000005,3066.0825,1022.0275,0.0,3220.71943540877,1510.7079392305393,13371.195705090347,10170.479120531401,29.87288400000002,45.63,15.21,0.0,199.53537977986932,-123.2487841474912,466.38051961477134,-98.49176725810956,466.38051961477134,350.1088777138301,-69.51053539173856,350.1088777138301,466.38051961477134,-46.523121254405154,1804.7213545,5406.465000000002,511.01375,1097.62125,3696.7328214605454,1663.8911470510304,18170.623193180956,13625.574022398712,28.522884000000005,80.46,7.605,16.335,137.844175072355,-85.14343169729774,417.44966137662124,27.22134952972896,417.44966137662124,312.12031159406155,22.23642279351296,312.12031159406155,417.44966137662124,-53.39910934406503
21.0,1909.5359640000004,3087.63,1029.21,0.0,3242.1495239712954,1520.42671812007,13464.034121949768,10241.170345162684,26.53555400000002,40.56,13.52,0.0,195.00774930857762,-127.26821939851298,445.4130037900108,-118.56994144739771,445.4130037900108,334.12562810115094,-84.83313121806687,334.12562810115094,445.4130037900108,-46.93230517454339,1818.185964,5444.460000000002,514.605,1105.335,3721.3302175841973,1674.5953935400457,18296.879085772347,13720.315246859458,25.335554000000005,71.52,6.76,14.52,134.71637143153606,-87.92016100237178,392.37309250518814,2.7591607458493965,392.37309250518814,293.26683686099693,3.8393446969166836,293.26683686099693,392.37309250518814,-53.86876951097022
21.5,1921.9694085000006,3106.6425,1035.5475,0.0,3260.7547184383247,1528.7756159994747,13545.40689289207,10303.140542469822,23.198224000000017,35.49,11.83,0.0,190.51001267377234,-131.31754848602122,424.4978021791016,-138.70042985053712,424.4978021791016,318.1812404759041,-100.19458903182758,318.1812404759041,424.4978021791016,-47.298843895844115,1830.0569085,5477.9850000000015,517.77375,1112.14125,3742.685208112019,1683.7908554214803,18407.659312321037,13803.447679045628,22.148224000000003,62.58,5.915,12.705,131.60921922223153,-90.71754173896022,367.33266363890516,-21.7391680431804,367.33266363890516,274.440208988901,-14.58458026064829,274.440208988901,367.33266363890516,-54.28948163710938
22.0,1932.7341880000006,3123.12,1041.04,0.0,3276.5350188098596,1535.7546328687536,13615.314017917255,10356.389712452818,19.860894000000016,30.42,10.14,0.0,186.04216987545357,-135.39677141001593,403.6349147820438,-158.88323246752788,403.6349147820438,302.27571483808964,-115.5949088330207,302.27571483808964,403.6349147820438,-47.62215982692355,1840.334188,5507.040000000001,520.52,1118.04,3760.7977930440106,1691.4775326953338,18502.96387282702,13874.971318957214,18.960894,53.64,5.07,10.89,128.5227184444414,-93.53557390706308,342.32837477777247,-46.27363683736039,342.32837477777247,255.64042797777384,-33.035352079182005,255.64042797777384,342.32837477777247,-54.66058276469665
22.5,1941.8303025000005,3137.0625,1045.6875,0.0,3289.4904250858986,1541.3637687279072,13673.755497025322,10400.917855111667,16.523564000000015,25.35,8.45,0.0,181.60422091362125,-139.50588817049712,382.82434159883724,-179.11834929836994,382.82434159883724,286.40905118770763,-131.03409062164624,286.40905118770763,382.82434159883724,-47.901689343083554,1849.0178025,5531.625000000001,522.84375,1123.03125,3775.6679723801717,1697.655425361606,18582.792767290302,13934.886166594222,15.773563999999999,44.7,4.225,9.075,125.45686909816568,-96.37425750668034,317.36022592178995,-70.8442456366906,317.36022592178995,236.8674938276154,-51.512970758684446,236.8674938276154,317.36022592178995,-54.98142596686913
23.0,1949.2577520000004,3148.47,1049.49,0.0,3299.6209372664416,1545.6030235769347,13720.731330216275,10436.724970446376,13.186234000000026,20.28,6.76,0.0,177.19616578827544,-143.64489876746475,362.066082629482,-199.4057803430633,362.066082629482,270.5812495247581,-146.5121343977042,270.5812495247581,362.066082629482,-48.136882786311645,1856.107752,5551.740000000001,524.745,1127.115,3787.2957461205033,1702.3245334202973,18647.145995710885,13983.192221956655,12.586233999999997,35.76,3.38,7.26,122.41167118340437,-99.233592537812,292.42821707095766,-95.45099444117102,292.42821707095766,218.12140653842567,-70.0174362991556,218.12140653842567,292.42821707095766,-55.25138034768693
23.5,1955.016536500001,3157.3425,1052.4475,0.0,3306.92655535149,1548.4723974158367,13756.241517490109,10463.811058456939,9.848904000000038,15.21,5.07,0.0,172.81800449941605,-147.8138032009189,341.36013787397815,-219.745525601608,341.36013787397815,254.7923098492409,-162.0290401611945,254.7923098492409,341.36013787397815,-48.32720446528099,1861.6040365,5567.385000000001,526.22375,1130.29125,3795.6811142650045,1705.4848568714074,18696.02355808876,14019.889485044507,9.398904000000009,26.82,2.535,5.445,119.38712470015747,-102.11357900045806,267.5323482252756,-120.0938832508016,267.5323482252756,199.40216611020472,-88.5487487005955,199.40216611020472,267.5323482252756,-55.469831042133166
24.0,1959.106656000001,3163.68,1054.56,0.0,3311.407279341043,1549.9718902446127,13780.286058846827,10482.176119143356,6.511574000000051,10.14,3.38,0.0,168.4697370470431,-152.01260147085947,320.7065073323255,-240.137585074004,320.7065073323255,239.0422321611561,-177.58480791211724,239.0422321611561,320.7065073323255,-48.4721326553504,1865.5066560000005,5578.560000000001,527.28,1132.56,3800.8240768136757,1707.1363957149365,18729.425454423934,14044.977955857781,6.211574000000022,17.88,1.69,3.63,116.38322964842497,-105.01421689461854,242.6726193847437,-144.7729120655824,242.6726193847437,180.70977254295246,-107.10690796300408,180.70977254295246,242.6726193847437,-55.63617921611388
24.5,1961.5281105000015,3167.4825,1055.8275,0.0,3313.0631092351005,1550.1015020632628,13792.864954286426,10491.820152505632,3.1742440000000642,5.07,1.69,0.0,164.15136343115668,-156.2412935772865,300.1051910045242,-260.5819587602513,300.1051910045242,223.33101646050375,-193.17943765047238,223.33101646050375,300.1051910045242,-48.57115959856431,1867.815610500001,5585.265000000001,527.91375,1133.92125,3802.724633766517,1707.2791499508846,18747.351684716406,14058.457634396475,3.024244000000035,8.94,0.845,1.815,113.39998602820687,-107.93550622029342,217.84903054936206,-169.48808088551343,217.84903054936206,162.04422583666897,-125.69191408638142,162.04422583666897,217.84903054936206,-55.74984206645815
25.0,1962.280900000002,3168.75,1056.25,0.0,3311.8940450336618,1548.8612328717875,13793.97820380891,10492.743158543763,-0.16308599999992293,0.0,0.0,0.0,159.86288365175668,-160.4998795202,279.5561888905743,-281.07864666035,281.07864666035,207.65866274728376,-208.81292937625994,208.81292937625994,281.07864666035,-48.62379150365281,1868.5309000000009,5587.500000000001,528.125,1134.375,3801.3827851235283,1705.9131195792515,18749.802248966178,14060.328520660589,-0.16308599999995205,0.0,0.0,0.0,110.43739383950317,-110.8774469774827,193.06158171913063,-194.23938971059468,194.23938971059468,143.40552599135415,-144.30376707072747,144.30376707072747,194.23938971059468,-55.81025282091804
25.5,1961.3650245000024,3167.4825,1055.8275,0.0,3311.3039513230933,1548.7895775574118,13789.582570440414,10489.370161220024,-3.5004159999999103,-5.07,-1.69,0.0,155.60429770884318,-164.78835929960002,259.05950099047567,-301.62764877429987,301.62764877429987,192.02517102149622,-224.48528308947994,224.48528308947994,301.62764877429987,-48.62960647023221,1867.6525245000014,5585.265000000001,527.91375,1133.92125,3800.7054772016977,1705.8341985382397,18743.614303227972,14055.66964486221,-3.350415999999939,-8.94,-0.845,-1.815,107.49545308231389,-113.8400391661864,168.31027289404938,-219.02683854082613,219.02683854082613,124.79367300700812,-162.94246691604226,162.94246691604226,219.02683854082613,-55.816927223405074
26.0,1958.7804840000024,3163.68,1054.56,0.0,3309.3725906717336,1548.4544835872425,13776.317638675537,10479.204851873257,-6.837745999999897,-10.14,-3.38,0.0,151.37560560241613,-169.10673291548645,238.6151273042283,-322.22896510210114,322.22896510210114,176.43054128314105,-240.1964987901323,240.1964987901323,322.22896510210114,-48.588717882409625,1865.1804840000018,5578.560000000001,527.28,1132.56,3798.488666810993,1705.4651266111543,18724.930771919244,14041.615750854295,-6.537745999999927,-17.88,-1.69,-3.63,104.57416375663901,-116.82328278640449,143.59510407411838,-243.8504273762078,243.8504273762078,106.2086668836308,-181.60801362232579,181.60801362232579,243.8504273762078,-55.76999541588248
26.5,1954.527278500003,3157.3425,1052.4475,0.0,3304.6163359248785,1546.7495086069478,13751.587060993541,10460.318515202345,-10.175075999999885,-15.21,-5.07,0.0,147.17680733247556,-173.45500036785938,218.22306783183237,-342.88259564375375,342.88259564375375,160.87477353221834,-255.94657647821708,255.94657647821708,342.88259564375375,-48.501253090977826,1861.1147785000023,5567.385000000001,526.22375,1130.29125,3793.0294508244588,1703.587270076488,18690.771574567807,14015.9530645718,-9.725075999999914,-26.82,-2.535,-5.445,101.67352586247854,-119.82717783813699,118.91607525933755,-268.7101562167396,268.7101562167396,87.65050762122218,-200.300407189578,200.300407189578,268.7101562167396,-55.669603571236415
27.0,1948.6054080000029,3148.47,1049.49,0.0,3297.247133818915,1543.832715810003,13715.761744183106,10432.986681964592,-13.512405999999872,-20.28,-6.76,0.0,143.00790289902142,-177.8331616567188,197.88332257328767,-363.58854039925774,363.58854039925774,145.357867768728,-271.7355161537343,271.7355161537343,363.58854039925774,-48.36735341341522,1855.4554080000028,5551.740000000001,524.745,1127.115,3784.5711011173735,1700.3747194658847,18641.562436955406,13978.99783945259,-12.912405999999901,-35.76,-3.38,-7.26,98.79353939983245,-122.85172432138394,94.27318644970691,-293.60602506242174,293.60602506242174,69.1191952197823,-219.01964761779902,219.01964761779902,293.60602506242174,-55.515913893276064
27.5,1941.0148725000038,3137.0625,1045.6875,0.0,3287.300308809906,1539.7304490619879,13668.90350604234,10397.25527395288,-16.849735999999858,-25.35,-8.45,0.0,138.86889230205378,-182.24121678206464,177.5958915285943,-384.34679936861295,384.34679936861295,129.87982399267005,-287.56331781668393,287.56331781668393,384.34679936861295,-48.18717413388586,1848.2023725000033,5531.625000000001,522.84375,1123.03125,3773.154163002284,1695.8564898679517,18577.374313379,13930.802784402973,-16.099735999999886,-44.7,-4.225,-9.075,95.93420436870079,-125.89692223614524,69.66643764522654,-318.538033913254,318.538033913254,50.61472967931115,-237.7657349069887,237.7657349069887,318.538033913254,-55.30910461673356
28.0,1931.7556720000039,3123.12,1041.04,0.0,3274.528589705402,1534.258301303847,13610.57962198446,10352.802838617028,-20.187065999999845,-30.42,-10.14,0.0,134.7597755415726,-186.6791657438969,157.36077469775222,-405.15737255181944,405.15737255181944,114.44064220404454,-303.4299814670659,303.4299814670659,405.15737255181944,-47.96088450323944,1839.3556720000033,5507.040000000001,520.52,1118.04,3758.494819291365,1689.8294756624375,18497.71052375989,13870.998937078777,-19.287065999999875,-53.64,-5.07,-10.89,93.09552076908354,-128.96277158242094,45.09582884589635,-343.5061827692365,343.5061827692365,32.13711099980873,-256.5386690571471,256.5386690571471,343.5061827692365,-55.04937000726406
28.5,1920.8278065000052,3106.6425,1035.5475,0.0,3258.9319765054024,1527.4162725355807,13540.790092009462,10299.629375957029,-23.524395999999832,-35.49,-11.83,0.0,130.6805526175779,-191.14700854221567,137.17797208076155,-426.02025994887725,426.02025994887725,99.04032240285143,-319.3355071048802,319.3355071048802,426.02025994887725,-47.68866773901131,1828.9153065000044,5477.985000000001,517.77375,1112.14125,3740.5930699846153,1682.293676849342,18402.571068098085,13799.586297480007,-22.474395999999864,-62.58,-5.915,-12.705,90.27748860098069,-132.04927236021106,20.561360051716388,-368.5104716303692,368.5104716303692,13.686339181275049,-275.33845006827426,275.33845006827426,368.5104716303692,-54.73692036144563
29.0,1908.2312760000048,3087.63,1029.21,0.0,3240.5104692099076,1519.2043627571886,13459.534916117344,10237.734885972885,-26.86172599999982,-40.56,-13.52,0.0,126.63122353006965,-195.64474517702092,117.04748367762211,-446.93546155978635,446.93546155978635,83.67886458909072,-335.27989473012707,335.27989473012707,446.93546155978635,-47.370721025422455,1816.8812760000044,5444.460000000001,514.605,1105.335,3719.448915082036,1673.249093428666,18291.95594639357,13716.564865606651,-25.66172599999985,-71.52,-6.76,-14.52,87.48010786439225,-135.1564245695156,-3.9369687373133493,-393.5509004966521,393.5509004966521,-4.737585776289925,-294.1650779403701,294.1650779403701,393.5509004966521,-54.37198200677946
29.5,1893.9660805000058,3066.0825,1022.0275,0.0,3219.264067818917,1509.6225719686704,13366.814094308113,10167.119368664597,-30.199055999999807,-45.63,-15.21,0.0,122.61178827904786,-200.17237564831265,96.969309488334,-467.9029773845469,467.9029773845469,68.35626876276243,-351.26314434280624,351.26314434280624,467.9029773845469,-47.00725551337949,1803.2535805000052,5406.464999999999,511.01375,1097.62125,3695.0623545836265,1662.6957254004085,18165.86515864635,13621.934641458718,-28.849055999999837,-80.46000000000006,-7.605,-16.335,84.70337855931821,-138.28422821033456,-28.399157521193004,-418.6274693680853,418.6274693680853,-23.134663872886215,-313.01855267343484,313.01855267343484,418.6274693680853,-53.954797301689595
30.0,1878.0322200000057,3042.0,1014.0,0.0,3195.192772332431,1498.6709001700267,13262.627626581761,10087.782824032165,-33.536385999999794,-50.7,-16.9,0.0,118.62224686451255,-204.72989995609083,76.9434495128972,-488.9228074231587,488.9228074231587,53.072534923866534,-367.2852559429179,367.2852559429179,488.9228074231587,-46.59878594147759,1788.0322200000048,5363.999999999999,507.0,1089.0,3667.433388489387,1650.63357276457,18024.298704856432,13515.695625036207,-32.03638599999982,-89.40000000000006,-8.45,-18.15,81.94730068575858,-141.43268328266788,-52.82520629992237,-443.74017824466864,443.74017824466864,-41.504895108513736,-331.8988742674681,331.8988742674681,443.74017824466864,-53.48595706170575
30.5,1860.4296945000067,3015.3825,1005.1275,0.0,3168.2965827504495,1486.3493473612573,13146.975512938296,9999.725252075592,-36.87371599999978,-55.77,-18.59,0.0,114.6625992864637,-209.31731810035552,56.96990375131177,-509.99495167562185,509.99495167562185,37.827663072403055,-383.3462295304619,383.3462295304619,509.99495167562185,-46.14613063600041,1771.2171945000057,5317.064999999999,502.56375,1079.47125,3636.5620167993175,1637.0626355211502,17867.25658502381,13397.847816339117,-35.22371599999981,-98.34000000000006,-9.295,-19.965,79.21187424371335,-144.6017897865156,-77.21511507350148,-468.88902712640214,468.88902712640214,-59.84827948317252,-350.8060427224702,350.8060427224702,468.88902712640214,-52.96640055946314
31.0,1841.1585040000066,2986.23,995.41,0.0,3138.5754990729733,1472.657913542362,13019.857753377712,9902.946652794872,-40.21104599999977,-60.84,-20.28,0.0,110.73284554490132,-213.9346300811066,37.04867220357762,-531.1194101419362,531.1194101419362,22.62165320837195,-399.4460651054383,399.4460651054383,531.1194101419362,-45.6501218899172,1752.8085040000058,5265.66,497.705,1069.035,3602.448239513418,1621.9829136701499,17694.73879914849,13268.391215367448,-38.4110459999998,-107.28000000000006,-10.14,-21.78,76.49709923318252,-147.79154772187778,-101.5688838419304,-494.074016013286,494.074016013286,-78.16481699686257,-369.740058038441,369.740058038441,494.074016013286,-52.397083098519985
31.5,1820.2186485000077,2954.5425,984.8475,0.0,3106.0295213000013,1457.596598713341,12881.274347900011,9797.44702619001,-43.548375999999756,-65.91,-21.97,0.0,106.83298563982541,-218.58183589834422,17.179754869694765,-552.2961828221021,552.2961828221021,7.454505331773282,-415.58476266784726,415.58476266784726,552.2961828221021,-45.11160596288296,1732.8061485000067,5209.785,492.42375,1057.69125,3565.0920566316877,1605.394407211568,17506.745347230462,13127.3258221212,-41.59837599999979,-116.22000000000006,-10.985,-23.595,73.80297565416609,-151.00195708875438,-125.88651260520913,-519.29514490532,519.29514490532,-96.45450764958392,-388.7009202153805,388.7009202153805,519.29514490532,-51.77897601335752
32.0,1797.6101280000075,2920.32,973.44,0.0,3070.6586494315334,1441.1654028741943,12731.225296505192,9683.226372261002,-46.88570599999974,-70.98,-23.66,0.0,102.96301957123598,-223.2589355520683,-2.636848250336741,-573.5252697161192,573.5252697161192,-7.67378055739298,-431.76232221768856,431.76232221768856,573.5252697161192,-44.53144308123828,1711.2101280000068,5149.44,486.72,1045.44,3524.493468154128,1587.2971161454054,17303.27622926973,12974.651636600373,-44.78570599999977,-125.16000000000005,-11.83,-25.41,71.12950350666408,-154.23301788714534,-150.16800136333762,-544.552413802504,544.552413802504,-114.71735144133652,-407.6886292532888,407.6886292532888,544.552413802504,-51.11306666937992
32.5,1773.3329425000086,2883.5625,961.1875,0.0,3032.4628834675705,1423.3643260249219,12569.710599193259,9560.284691007852,-50.22303599999973,-76.05,-25.35,0.0,99.12294733913299,-227.96592904227876,-22.401137156516924,-594.8066708239875,594.8066708239875,-22.763204459126836,-447.9787437549621,447.9787437549621,594.8066708239875,-43.910507438009375,1688.0204425000077,5084.625,480.59375,1032.28125,3480.652474080738,1567.6910404716616,17084.3314452663,12810.368658804966,-47.97303599999976,-134.10000000000005,-12.675,-27.225,68.47668279067648,-157.48473011705067,-174.41335011631597,-569.8458227048385,569.8458227048385,-132.95334837212042,-426.7031851521657,426.7031851521657,569.8458227048385,-50.40035846291434
33.0,1747.3870920000086,2844.27,948.09,0.0,2991.87459475034,1404.515817080215,12397.486905813106,9429.184065175452,-53.56036599999972,-81.12,-27.04,0.0,95.31276894351647,-232.70281636897573,-42.11311184884582,-616.1403861457072,616.1403861457072,-37.8137663734283,-464.2340272796681,464.2340272796681,616.1403861457072,-43.249687192908155,1663.2370920000076,5015.34,474.045,1018.215,3434.065349037088,1546.9313248748906,16850.779475814914,12635.122045748223,-51.16036599999975,-143.04000000000005,-13.52,-29.04,65.84451350620328,-160.75709377847045,-198.62255886414405,-595.175371612323,595.175371612323,-151.16249844193555,-445.7445879120114,445.7445879120114,595.175371612323,-49.64187082121103
33.5,1719.7725765000096,2802.4425,934.1475,0.0,2950.4890357157105,1385.8095650096361,12217.345908127507,9291.998322930433,-56.68979599999971,-86.19,-28.73,0.0,91.53248438438644,-237.4695975321592,-61.51289732732339,-637.2665406812783,637.2665406812783,-52.61756630029735,-480.3202727918067,480.3202727918067,637.2665406812783,-42.54988447233214,1636.8600765000085,4941.585,467.07375,1003.24125,3386.5631193377817,1526.328290756599,16605.82461696613,12451.292131639126,-54.13979599999974,-151.98000000000005,-14.365,-30.855,63.23299565324449,-164.05010887140463,-222.53575260682192,-620.281185524958,620.281185524958,-169.13690165078197,-464.6049375328259,464.6049375328259,620.281185524958,-48.83863920244305
34.0,1690.6972960000105,2758.08,919.36,0.0,2906.278582585586,1365.7334319289319,12025.999139524787,9146.299453361271,-59.61132599999971,-91.26,-30.42,0.0,87.78209366174286,-242.26627253182912,-80.6004935919496,-658.1851344307006,658.1851344307006,-67.17460423973398,-496.23748029137755,496.23748029137755,658.1851344307006,-41.801967007925526,1609.0972960000086,4863.36,459.68,987.36,3335.818484042645,1504.2164720307264,16345.65396707464,12256.061325255447,-56.91132599999974,-160.92000000000004,-15.21,-32.67,60.6421292318001,-167.36377539585322,-246.15293134434958,-645.1632644427428,645.1632644427428,-186.87655799865965,-483.28423401460896,483.28423401460896,645.1632644427428,-47.98018161435931
34.5,1660.1612505000105,2711.1825,903.7275,0.0,2859.243235359965,1344.2874178381019,11823.44660000495,8992.087456467965,-62.53285599999971,-96.33,-32.11,0.0,84.06159677558574,-247.0928413679855,-99.6357756427246,-679.1560423939743,679.1560423939743,-81.69278019173825,-512.1935497783809,512.1935497783809,679.1560423939743,-41.007110366808504,1579.9487505000086,4780.665,451.86375,970.57125,3281.8314431516787,1480.5958686972726,16070.26752614045,12049.429626597192,-59.68285599999974,-169.86000000000007,-16.055,-34.485,58.07191424187011,-170.6980933518162,-269.733970076727,-670.081483365678,670.081483365678,-204.58936748556866,-501.9903773573609,501.9903773573609,670.081483365678,-47.06784736963482
35.0,1628.1644400000105,2661.75,887.25,0.0,2809.3829940388496,1321.471522737146,11609.688289568001,8829.362332250515,-65.4543859999997,-101.4,-33.8,0.0,80.3709937259151,-251.94930404062836,-118.6187434796482,-700.1792645710993,700.1792645710993,-96.17209415631007,-528.1884812528166,528.1884812528166,700.1792645710993,-40.16650776956503,1549.4144400000087,4693.5,443.625,952.875,3224.6019966648823,1455.4664807562378,15779.665294163555,11831.397035664357,-62.45438599999974,-178.80000000000007,-16.9,-36.3,55.522350683454526,-174.0530627392936,-293.2788688039543,-695.0358422937635,695.0358422937635,-222.27533011150896,-520.7233675610815,520.7233675610815,695.0358422937635,-46.10300604354133
35.5,1594.7068645000104,2609.7825,869.9275,0.0,2756.697858622238,1297.2857466260643,11384.724208213931,8658.12408070892,-68.3759159999997,-106.47,-35.49,0.0,76.71028451273092,-256.8356605497577,-137.54939710272055,-721.2548009620756,721.2548009620756,-110.6125461334495,-544.2222747146847,544.2222747146847,721.2548009620756,-39.281370090242774,1517.4943645000085,4601.865,434.96375,934.27125,3164.1301445822555,1428.828308207622,15473.847271143957,11601.96355245694,-65.22591599999974,-187.74000000000007,-17.745,-38.115,52.99343855655336,-177.4286835582854,-316.7876275260313,-720.0263412269992,720.0263412269992,-239.93444587648042,-539.4832046257708,539.4832046257708,720.0263412269992,-45.08704747394715
36.0,1559.7885240000114,2555.28,851.76,0.0,2701.1878291101316,1271.730089504857,11148.554355942746,8478.372701843184,-71.29744599999971,-111.54,-37.18,0.0,73.07946913603323,-261.75191089537344,-156.4277365119415,-742.3826515669032,742.3826515669032,-125.0141361231565,-560.2949301639852,560.2949301639852,742.3826515669032,-38.35292585635321,1484.1885240000095,4505.76,425.88,914.76,3100.4158869037988,1400.6813510514253,15152.81345708166,11361.12917697495,-67.99744599999974,-196.68000000000006,-18.59,-39.93,50.48517786116659,-180.82495580879163,-340.2602462429582,-745.0529801653851,745.0529801653851,-257.5667147804832,-558.269888551429,558.269888551429,745.0529801653851,-44.021381761317386
36.5,1523.4094185000115,2498.2425,832.7475,0.0,2642.8529055025297,1244.804551373524,10901.17873275444,8290.1081956533,-74.2189759999997,-116.61,-38.87,0.0,69.47854759582198,-266.6980550774757,-175.25376170731116,-763.5628163855821,763.5628163855821,-139.37686412543113,-576.4064476007181,576.4064476007181,763.5628163855821,-37.38242124887151,1449.4969185000095,4405.185,416.37375,894.34125,3033.459223629512,1371.0256092876473,14816.563851976658,11108.893909218375,-70.76897599999974,-205.62000000000006,-19.435,-41.745,47.99756859729423,-184.24187949081224,-363.69672495473486,-770.1157591089211,770.1157591089211,-275.1721368235173,-577.0834193380557,577.0834193380557,770.1157591089211,-42.90743926871377
37.0,1485.5695480000115,2438.67,812.89,0.0,2581.6930877994323,1216.5091322320652,10642.59733864902,8093.330562139274,-77.1405059999997,-121.68,-40.56,0.0,65.9075198920972,-271.67409309606444,-194.0274726888295,-784.7952954181125,784.7952954181125,-153.70073014027335,-592.5568270248835,592.5568270248835,784.7952954181125,-36.37112010223673,1413.4195480000096,4300.14,406.445,873.015,2963.2601547593945,1339.861082916288,14465.098455828953,10845.257749187222,-73.54050599999974,-214.56000000000006,-20.28,-43.56,45.53061076493628,-187.67945460434726,-387.0970636613613,-795.2146780576074,795.2146780576074,-292.7507120055826,-595.9237969856513,595.9237969856513,795.2146780576074,-41.746670621794635
37.5,1446.2689125000115,2376.5625,792.1875,0.0,2517.708376000839,1186.8438320804805,10372.810173626483,7888.039801301103,-80.06203599999971,-126.75,-42.25,0.0,62.36638602485889,-276.6800249511396,-212.74886945649658,-806.080088664494,806.080088664494,-167.98573416768315,-608.7460684364813,608.7460684364813,806.080088664494,-35.32030390435153,1375.9564125000095,4190.625,396.09375,850.78125,2889.818680293448,1307.187771937348,14098.417268638546,10570.220696881493,-76.31203599999974,-223.50000000000006,-21.125,-45.375,43.08430436409273,-191.1376811493967,-410.46126236283743,-820.3497370114441,820.3497370114441,-310.3024403266793,-614.7910214942156,614.7910214942156,820.3497370114441,-40.5405467088151
38.0,1405.5075120000115,2311.92,770.64,0.0,2450.8987701067504,1155.8086509187704,10091.817237686828,7674.2359131387875,-82.9835659999997,-131.82,-43.94,0.0,58.85514599410705,-281.7158506427013,-231.4179520103123,-827.417196124727,827.417196124727,-182.23187620766055,-624.9741718355115,624.9741718355115,827.417196124727,-34.23127179658243,1337.1075120000096,4076.64,385.32,827.64,2813.134800231671,1273.005676350827,13716.520290405435,10283.782752301182,-79.08356599999973,-232.44000000000005,-21.97,-47.19,40.658649394763586,-194.61655912596055,-433.7893210591634,-845.5209359704306,845.5209359704306,-327.8273217868071,-633.6850928637484,633.6850928637484,845.5209359704306,-39.29055868062679
38.5,1363.2853465000114,2244.7425,748.2475,0.0,2381.264270117167,1123.4035887469342,9799.618530830057,7451.918897652328,-85.9050959999997,-136.89,-45.63,0.0,55.37379979984168,-286.78157017074943,-250.0347203502767,-848.8066177988112,848.8066177988112,-196.4391562602055,-641.241137221974,641.241137221974,848.8066177988112,-33.10534057375972,1296.8728465000104,3958.1850000000018,374.12375,803.59125,2733.208514574064,1237.3147961567247,13319.407521129628,9985.943915446294,-81.85509599999973,-241.38000000000005,-22.815,-49.005,38.25364585694884,-198.1160885340388,-457.0812397503393,-870.7282749345677,870.7282749345677,-345.3253563859663,-652.6060110942502,652.6060110942502,870.7282749345677,-37.99821795067817
39.0,1319.6024160000115,2175.03,725.01,0.0,2308.8048760320876,1089.6286455649724,9496.214053056168,7221.088754841726,-88.82662599999969,-141.96,-47.32,0.0,51.922347442062765,-291.877183535284,-268.59917447638975,-870.2483536867467,870.2483536867467,-210.6075743253181,-657.546964595869,657.546964595869,870.2483536867467,-31.94384468417735,1255.2524160000105,3835.260000000002,362.505,778.635,2650.039823320626,1200.1151313550415,12907.078960811112,9676.704186316825,-84.62662599999973,-250.32000000000005,-23.66,-50.82,35.86929375064851,-201.63626937363145,-480.3370184363648,-895.9717539038547,895.9717539038547,-362.79654412415675,-671.5537761857207,671.5537761857207,895.9717539038547,-36.665056195014216
39.5,1274.4587205000114,2102.7825,700.9275,0.0,2233.520587851513,1054.483821372885,9181.603804365162,6981.745484706978,-91.7481559999997,-147.03,-49.01,0.0,48.500788920770326,-297.0026907363051,-287.1113143886515,-891.7424037885336,891.7424037885336,-224.7371304029983,-673.8916539571962,673.8916539571962,891.7424037885336,-30.748136229593115,1212.2462205000104,3707.865000000002,350.46375,752.77125,2563.628726471359,1161.4066819457769,12479.534609449895,9356.063564912778,-87.39815599999973,-259.26000000000005,-24.505,-52.635,33.505593075862585,-205.17710164473849,-503.5566571172402,-921.2513728782922,921.2513728782922,-380.24088500137844,-690.5283881381599,690.5283881381599,921.2513728782922,-35.29262535227656
40.0,1227.8542600000114,2028.0,676.0,0.0,2155.4114055754426,1017.9691161706716,8855.787784757038,6733.889087248087,-94.6696859999997,-152.1,-50.7,0.0,45.10912423596436,-302.1580917738126,-305.571140087062,-913.2887681041716,913.2887681041716,-238.82782449324603,-690.2752053059561,690.2752053059561,913.2887681041716,-29.519584965228518,1167.8542600000105,3576.000000000002,338.0,726.0,2473.975224026262,1121.1894479289317,12036.774467045974,9024.022051234153,-90.16968599999973,-268.20000000000005,-25.35,-54.45,31.16254383259107,-208.73858534735993,-526.7401557929653,-946.5671318578795,946.5671318578795,-397.6583790176314,-709.5298469515677,709.5298469515677,946.5671318578795,-33.882497623703756
40.5,1179.7890345000133,1950.6825,650.2275,0.0,2074.477329203877,980.0845299583326,8518.765994231802,6477.519562465053,-97.59121599999969,-157.17,-52.39,0.0,41.74735338764484,-307.34338664780654,-323.9786515716211,-934.8874466336612,934.8874466336612,-252.87965659606135,-706.6976186421482,706.6976186421482,934.8874466336612,-28.25957829976889,1122.0765345000104,3439.665000000002,325.11375,698.32125,2381.0793159853342,1079.463429304505,11578.79853359935,8680.579645280946,-92.94121599999973,-277.14000000000004,-26.195,-56.265,28.840146020833945,-212.3207204814958,-549.8875144635404,-971.9190308426174,971.9190308426174,-415.04902617291566,-728.5581526259443,728.5581526259443,971.9190308426174,-32.436265473130646
41.0,1130.2630440000135,1870.83,623.61,0.0,1990.7183587368163,940.8300627358678,8170.538432789446,6212.6369103578745,-100.5127459999997,-162.24,-54.08,0.0,38.565106277795145,-312.55857535828704,-342.07199651385815,-956.538439377002,956.538439377002,-266.698107838866,-723.1588939657728,723.1588939657728,956.538439377002,-26.969521295363222,1074.9130440000106,3298.860000000002,311.805,669.735,2284.941002348577,1036.2286260724977,11105.606809110026,8325.736347053162,-95.71274599999973,-286.08000000000004,-27.04,-58.08,26.641767827364955,-215.92350704714607,-572.817838802111,-997.3070698325055,997.3070698325055,-432.27844782442537,-747.6133051612896,747.6133051612896,997.3070698325055,-30.95554162698909
41.5,1079.2762885000134,1788.4425,596.1475,0.0,1904.13449417426,900.2057145032772,7811.105100429972,5939.241130926552,-103.4342759999997,-167.31,-55.77,0.0,35.562382906415245,-317.803657905254,-359.851174913773,-978.2417463341941,978.2417463341941,-280.2831782216599,-739.65903127683,739.65903127683,978.2417463341941,-25.65083666762436,1026.3637885000105,3153.585000000002,298.07375,640.24125,2185.560283115989,991.4850382329091,10617.199293577994,7959.492156550798,-98.48427599999972,-295.02000000000004,-27.885,-59.895,24.567409252184092,-219.54694504431075,-595.5311288086775,-1022.7312488275436,1022.7312488275436,-449.34664397216045,-766.6953045576038,766.6953045576038,1022.7312488275436,-29.441959074307363
42.0,1026.8287680000133,1703.52,567.84,0.0,1814.7257355162083,858.2114852605611,7440.465997153381,5657.332224171083,-106.27495599999969,-172.38,-57.46,0.0,32.58955337152181,-323.07863428870735,-377.4769765998364,-999.8963050052374,999.8963050052374,-293.74853661702133,-756.1171805753193,756.1171805753193,999.8963050052374,-24.30496478562887,976.4287680000124,3003.840000000002,283.92,609.84,2082.9371582875715,945.2326657857393,10113.575987003269,7581.847073773857,-101.17495599999971,-303.96000000000004,-28.73,-61.71,22.513702108517627,-223.19103447298983,-618.1072163100939,-1048.0905053277318,1048.0905053277318,-466.3071432589269,-785.7233008148866,785.7233008148866,1048.0905053277318,-27.897171066710484
42.5,973.0013325000134,1616.0625,538.6875,0.0,1722.4920827626606,814.8473750077192,7058.722185459673,5366.991040091472,-109.03478599999967,-177.45,-59.15,0.0,29.646617673114843,-328.3835045086472,-394.9494015720486,-1021.5021153901322,1021.5021153901322,-307.0941830249504,-772.5333418612411,772.5333418612411,1021.5021153901322,-22.930036351660533,925.1888325000124,2849.625000000002,269.34375,578.53125,1977.071627863324,897.4715087309886,9594.837951885836,7192.881948722335,-103.7847859999997,-312.90000000000003,-29.575,-63.525,20.48064639636557,-226.85577533318332,-640.54610130636,-1073.3848393330704,1073.3848393330704,-483.1599456847245,-804.697293933138,804.697293933138,1073.3848393330704,-26.319032029472368
43.0,917.7939820000153,1526.07,508.69,0.0,1627.433535913618,770.1133837447513,6665.87366534885,5068.21757868772,-111.79461599999966,-182.52,-60.84,0.0,26.819078612327687,-333.7182685650735,-412.21988242842616,-1043.1602399888782,1043.1602399888782,-320.28981380397374,-788.9883651345951,788.9883651345951,1043.1602399888782,-21.527717877062628,872.6439820000124,2690.940000000002,254.345,546.315,1867.9636918432461,848.2015670686568,9060.985188225699,6792.596781396234,-106.39461599999969,-321.84000000000003,-30.42,-65.34,18.527309651027192,-230.5411676248912,-662.8454781107022,-1098.715313343559,1098.715313343559,-499.9091134536644,-823.6981339123583,823.6981339123583,1098.715313343559,-24.70945477968354
43.5,861.2067165000134,1433.5425,477.8475,0.0,1529.55009496908,724.0095114716579,6261.920436820907,4761.011839959818,-114.55444599999967,-187.59,-62.53,0.0,24.534450194827,-339.0829264579863,-428.5402696590522,-1064.8706788014756,1064.8706788014756,-332.7796607467246,-805.4822503953818,805.4822503953818,1064.8706788014756,-20.09969580959904,818.7942165000143,2527.785000000002,238.92375,513.19125,1755.6133502273383,797.422840798744,8512.017696022862,6380.991571795556,-109.00444599999967,-330.7800000000001,-31.265,-67.155,16.94902954899882,-234.2472113481135,-684.4885057892518,-1124.0819273591983,1124.0819273591983,-516.1707075863013,-842.7258207525474,842.7258207525474,1124.0819273591983,-23.070375017402824
44.0,803.2395360000133,1338.48,446.16,0.0,1428.8417599290465,676.5357581884386,5846.862499875848,4445.373823907774,-117.3142759999997,-192.66,-64.22,0.0,22.279715613812783,-344.4774781873856,-444.80834267582725,-1086.6334318279244,1086.6334318279244,-345.2306457020431,-822.0149976436011,822.0149976436011,1086.6334318279244,-18.64767653345433,763.6395360000143,2360.16,223.08,479.16,1640.0206030156005,745.1353299212501,7947.935475277319,5958.0663199202945,-111.61427599999966,-339.7200000000001,-32.11,-68.97,15.391400878484857,-237.9739065028502,-706.0953934626511,-1149.4846813799875,1149.4846813799875,-532.4054548579694,-861.7803544537051,861.7803544537051,1149.4846813799875,-21.403751325657282
44.5,743.8924405000133,1240.8825,413.6275,0.0,1325.3085307935173,627.6921238950937,5420.699854513672,4121.303530531586,-120.0741059999997,-197.73,-65.91,0.0,20.054874869285037,-349.90192375327126,-461.0241014787508,-1108.4484990682242,1108.4484990682242,-357.6427686699291,-838.5866068792524,838.5866068792524,1108.4484990682242,-17.17338636923367,707.1799405000162,2188.065,206.81375,444.22125,1521.1854502080325,691.3390344361751,7368.738525989077,5523.821025770459,-114.22410599999965,-348.6600000000001,-32.955,-70.785,13.8544236394853,-241.7212530891013,-727.6661411309003,-1174.9235754059268,1174.9235754059268,-548.6133552686688,-880.8617350158314,880.8617350158314,1174.9235754059268,-19.711565170442213
45.0,683.1654300000115,1140.75,380.25,0.0,1218.9504075624932,577.4786085916229,4983.432500734377,3788.8009598312524,-122.83393599999972,-202.8,-67.6,0.0,17.859927961243752,-355.3562631556435,-477.1875460678231,-1130.315880522376,1130.315880522376,-370.01602965038285,-855.1970781023363,855.1970781023363,1130.315880522376,-15.678571573963126,649.4154300000162,2011.5,190.125,408.375,1399.1078918046346,636.033954343519,6774.42684815813,5078.2556893460405,-116.83393599999964,-357.6000000000001,-33.8,-72.6,12.338097832000148,-245.48925110686682,-749.2007487939993,-1200.3986094370166,1200.3986094370166,-564.7944088183996,-899.9699624389266,899.9699624389266,1200.3986094370166,-17.99582090072127
45.5,621.0585045000114,1038.0825,346.0275,0.0,1109.7673902359732,525.8952122780265,4535.0604385379675,3447.8661118067766,-125.59376599999975,-207.87,-69.29,0.0,15.694874889688938,-360.84049639450217,-493.29867644304403,-1152.2355761903784,1152.2355761903784,-382.3504286434041,-871.8464113128525,871.8464113128525,1152.2355761903784,-14.164998341089273,590.3460045000162,1830.465,173.01375,371.62125,1273.7879278054063,579.2200896432819,6165.000441784481,4621.370310647044,-119.44376599999963,-366.5400000000001,-34.645,-74.415,10.842423456029403,-249.27790055614676,-770.6992164519481,-1225.9097834732565,1225.9097834732565,-580.9486155071614,-919.1050367229905,919.1050367229905,1225.9097834732565,-16.258545748426315
46.0,557.5716640000114,932.88,310.96,0.0,997.7594788139579,472.9419349543043,4075.5836679244403,3098.4989864581567,-128.35359599999975,-212.94,-70.98,0.0,13.559715654620588,-366.35462346984724,-509.3574926044137,-1174.2075860722325,1174.2075860722325,-394.645965648993,-888.5346065108013,888.5346065108013,1174.2075860722325,-12.634452800479295,529.9716640000162,1644.96,155.48,333.96,1145.225558210348,520.8974403354637,5540.45930686813,4153.164889673469,-122.05359599999964,-375.4800000000001,-35.49,-76.23,9.367400511573061,-253.0872014369411,-792.1615441047468,-1251.4570975146466,1251.4570975146466,-597.0759753349547,-938.266957868023,938.266957868023,1251.4570975146466,-14.50178982845756
46.5,492.70490850000954,825.1425,275.0475,0.0,882.9266732964471,418.6187766204564,3605.0021888937945,2740.699583785391,-131.11342599999978,-218.01,-72.67,0.0,11.454450256038706,-371.8986443816789,-525.363994551932,-1196.231910167938,1196.231910167938,-406.90264066714946,-905.2616636961823,905.2616636961823,1196.231910167938,-11.08874101842133,468.2924085000162,1454.985,137.52375,295.39125,1013.4207830194598,461.0660064200645,4900.803443409075,3673.639426425314,-124.66342599999966,-384.4200000000001,-36.335,-78.045,7.913028998631127,-256.9171537492498,-813.5877317523953,-1277.0405515611867,1277.0405515611867,-613.1764883017793,-957.4557258740244,957.4557258740244,1277.0405515611867,-12.727626138683462
47.0,426.45823800000954,714.87,238.29,0.0,765.268973683441,362.9257372764827,3123.3160014460336,2374.4679037884825,-133.8732559999998,-223.08,-74.36,0.0,9.37907869394329,-377.4725591299969,-541.318182285599,-1218.3085484774945,1218.3085484774945,-419.12045369787353,-922.0275828689959,922.0275828689959,1218.3085484774945,-9.529688997623879,405.3082380000143,1260.54,119.145,255.915,878.3736022327415,399.72578789708416,4246.032851407315,3182.7939209025785,-127.27325599999968,-393.36000000000007,-37.18,-79.86,6.479308917203597,-260.7677574930729,-834.9777793948933,-1302.6601456128774,1302.6601456128774,-629.250154407635,-976.6713407409945,976.6713407409945,1302.6601456128774,-10.938150559940652
47.5,358.8316525000095,602.0625,200.6875,0.0,644.7863799749395,305.86281692238333,2630.525105581156,1999.803946467431,-136.6330859999998,-228.15,-76.05,0.0,7.333600968334343,-383.07636771480145,-557.2200558054145,-1240.437501000902,1240.437501000902,-431.2994047411651,-938.8323640292417,938.8323640292417,1240.437501000902,-7.959142677216278,341.0191525000143,1061.625,100.34375,215.53125,740.0840158501932,336.8767847665228,3576.147530862856,2680.628373105266,-129.88308599999968,-402.30000000000007,-38.025,-81.675,5.066240267290474,-264.6390126684105,-856.3316870322413,-1328.315879669718,1328.315879669718,-645.2969736525222,-995.9138024689335,995.9138024689335,1328.315879669718,-9.135481856034119
48.0,289.8251520000076,486.72,162.24,0.0,521.4788921709423,247.43001555815812,2126.6295012991586,1616.7077118222328,-139.39291599999981,-233.22,-77.74,0.0,5.318017079211861,-388.71007013609244,-573.0696151113791,-1262.6187677381615,1262.6187677381615,-443.4394937970244,-955.67600717692,955.67600717692,1262.6187677381615,-6.378967932748537,275.4251520000143,858.24,81.12,174.24,598.5520238718146,272.5189970283804,2891.1474817756934,2167.1427830333732,-132.4929159999997,-411.24000000000007,-38.87,-83.49,3.6738230488917556,-268.5309192752624,-877.6494546644391,-1354.007753731709,1354.007753731709,-661.3169460364404,-1015.1831110578408,1015.1831110578408,1354.007753731709,-7.321761673737171
48.5,219.43873650000762,368.8425,122.9475,0.0,395.3465102714499,187.6273331838072,1611.629188600047,1225.1791998528925,-142.15274599999984,-238.29,-79.43,0.0,3.7299150518458575,-394.3736663938699,-588.1710811592695,-1284.852348689272,1284.852348689272,-455.02385643260016,-972.5585123120306,972.5585123120306,1284.852348689272,-4.7910505761913385,208.5262365000124,650.385,61.47375,132.04125,453.7776262976061,206.65242468265689,2191.0327041458263,1642.3371506869005,-135.1027459999997,-420.18000000000006,-39.715,-85.305,2.5767213011490386,-272.44347731362876,-898.4504202229889,-1379.73576779885,1379.73576779885,-676.9530083085061,-1034.4792665077173,1034.4792665077173,1379.73576779885,-5.499154542791359
49.0,147.67240600000764,248.43,82.81,0.0,266.38923427646205,126.45476979933055,1085.524167483818,825.2184105594083,-144.91257599999986,-243.36,-81.12,0.0,2.4153898441963255,-400.06715648813383,-602.7937877726563,-1307.138243854234,1307.138243854234,-466.25256920254463,-989.479879434574,989.479879434574,1307.138243854234,-3.1972963559360323,140.3224060000124,438.06,41.405,88.935,305.76082312756745,139.27706772935232,1475.8031979732584,1106.2114760658503,-137.71257599999973,-429.12000000000006,-40.56,-87.12,1.6686134605236405,-276.3766867835095,-918.9206464440834,-1405.4999218711414,1405.4999218711414,-692.3433785013191,-1053.8022688185622,1053.8022688185622,1405.4999218711414,-3.6698478759064415
49.5,74.52616050000572,125.4825,41.8275,0.0,134.60706418597874,63.91232540472814,548.3144379504699,416.82534394177804,-147.67240599999988,-248.43,-82.81,0.0,1.130758473033261,-405.7905404188842,-617.3641801721916,-1329.476453233047,1329.476453233047,-477.44241998505663,-1006.4401085445493,1006.4401085445493,1329.476453233047,-1.5996309567946696,70.8136605000124,221.265,20.91375,44.92125,154.50161436169878,70.39292616846669,745.4589632579883,558.7657591702208,-140.32240599999975,-438.06000000000006,-41.405,-88.935,0.7811570514126481,-280.33054768490473,-939.3547326600277,-1431.3002159485832,1431.3002159485832,-707.7069018331634,-1073.152117990376,1073.152117990376,1431.3002159485832,-1.836051968760529
50.0,5.7220458984375e-12,0.0,0.0,0.0,0.0,0.0,7.152557373046875e-12,5.7220458984375e-12,-150.43223599999988,-253.5,-84.5,0.0,0.0,-411.5438181861211,-631.6652949999999,-1351.8669768257118,1351.8669768257118,-488.43223599999993,-1023.4391996419573,1023.4391996419573,1351.8669768257118,1.1368683772161603e-13,1.049041748046875e-11,0.0,0.0,0.0,0.0,0.0,1.3113021850585938e-11,1.049041748046875e-11,-142.93223599999976,-447.00000000000006,-42.25,-90.75,0.0,-284.3050600178143,-959.6027949999997,-1457.1366500311744,1457.1366500311744,-722.9322359999998,-1092.5288140231585,1092.5288140231585,1457.1366500311744,5.684341886080802e-14
